date,price,bedrooms,bathrooms,sqft_living,sqft_lot,floors,waterfront,view,sqft_above,yr_built,airconditioning,basement,city,statezip,country
5/2/2014 0:00,313000,3,1.5,1340,7912,1.5,0,0,1340,1955,yes,no,Shoreline,WA 98133,USA
5/2/2014 0:00,2384000,5,2.5,3650,9050,2,0,4,3370,1921,yes,no,Seattle,WA 98119,USA
5/2/2014 0:00,342000,3,2,1930,11947,1,0,0,1930,1966,no,yes,Kent,WA 98042,USA
5/2/2014 0:00,420000,3,2.25,2000,8030,1,0,0,1000,1963,yes,yes,Bellevue,WA 98008,USA
5/2/2014 0:00,550000,4,2.5,1940,10500,1,0,0,1140,1976,yes,yes,Redmond,WA 98052,USA
5/2/2014 0:00,490000,2,1,880,6380,1,0,0,880,1938,yes,yes,Seattle,WA 98115,USA
5/2/2014 0:00,335000,2,2,1350,2560,1,0,0,1350,1976,yes,no,Redmond,WA 98052,USA
5/2/2014 0:00,482000,4,2.5,2710,35868,2,0,0,2710,1989,no,no,Maple Valley,WA 98038,USA
5/2/2014 0:00,452500,3,2.5,2430,88426,1,0,0,1570,1985,yes,yes,North Bend,WA 98045,USA
5/2/2014 0:00,640000,4,2,1520,6200,1.5,0,0,1520,1945,yes,no,Seattle,WA 98115,USA
5/2/2014 0:00,463000,3,1.75,1710,7320,1,0,0,1710,1948,yes,yes,Lake Forest Park,WA 98155,USA
5/2/2014 0:00,1400000,4,2.5,2920,4000,1.5,0,0,1910,1909,no,yes,Seattle,WA 98105,USA
5/2/2014 0:00,588500,3,1.75,2330,14892,1,0,0,1970,1980,yes,no,Sammamish,WA 98074,USA
5/2/2014 0:00,365000,3,1,1090,6435,1,0,0,1090,1955,no,no,Seattle,WA 98106,USA
5/2/2014 0:00,1200000,5,2.75,2910,9480,1.5,0,0,2910,1939,no,no,Seattle,WA 98105,USA
5/2/2014 0:00,242500,3,1.5,1200,9720,1,0,0,1200,1965,no,yes,Kent,WA 98042,USA
5/2/2014 0:00,419000,3,1.5,1570,6700,1,0,0,1570,1956,yes,yes,Bellevue,WA 98007,USA
5/2/2014 0:00,367500,4,3,3110,7231,2,0,0,3110,1997,yes,no,Auburn,WA 98092,USA
5/2/2014 0:00,257950,3,1.75,1370,5858,1,0,0,1370,1987,yes,no,Des Moines,WA 98198,USA
5/2/2014 0:00,275000,3,1.5,1180,10277,1,0,0,1180,1983,yes,no,North Bend,WA 98045,USA
5/2/2014 0:00,750000,3,1.75,2240,10578,2,0,0,1550,1923,no,yes,Seattle,WA 98115,USA
5/2/2014 0:00,435000,4,1,1450,8800,1,0,0,1450,1954,yes,yes,Bellevue,WA 98006,USA
5/2/2014 0:00,626000,3,2.25,1750,1572,2.5,0,0,1470,2005,yes,yes,Seattle,WA 98102,USA
5/2/2014 0:00,612500,4,2.5,2730,12261,2,0,0,2730,1991,yes,yes,Bothell,WA 98011,USA
5/2/2014 0:00,495000,4,1.75,1600,6380,1,0,0,1130,1959,yes,no,Seattle,WA 98125,USA
5/2/2014 0:00,285000,3,2.5,2090,10834,1,0,0,1360,1987,yes,yes,Federal Way,WA 98003,USA
5/2/2014 0:00,615000,3,1.75,2360,7291,1,0,0,1360,1948,yes,yes,Seattle,WA 98136,USA
5/2/2014 0:00,698000,4,2.25,2200,11250,1.5,0,0,1300,1920,no,no,Kirkland,WA 98033,USA
5/2/2014 0:00,675000,5,2.5,2820,67518,2,0,0,2820,1979,no,yes,Issaquah,WA 98029,USA
5/2/2014 0:00,790000,3,2.5,2600,4750,1,0,0,1700,1951,yes,yes,Seattle,WA 98117,USA
5/2/2014 0:00,382500,4,1.75,1560,8700,1,0,0,1560,1967,yes,no,Kirkland,WA 98034,USA
5/2/2014 0:00,499950,4,2.5,2860,3345,2,0,0,2190,2004,yes,no,Woodinville,WA 98072,USA
5/2/2014 0:00,650000,4,2,1820,5000,1.5,0,1,1640,1945,yes,no,Seattle,WA 98115,USA
5/2/2014 0:00,625000,4,2.5,2820,8408,2,0,0,2820,2014,no,yes,Shoreline,WA 98155,USA
5/2/2014 0:00,400000,4,2.5,3630,42884,1.5,0,0,2300,1979,yes,yes,Auburn,WA 98092,USA
5/2/2014 0:00,604000,3,2.5,3240,33151,2,0,2,3240,1995,yes,no,Federal Way,WA 98023,USA
5/2/2014 0:00,440000,2,1,800,4850,1,0,0,800,1944,no,no,Seattle,WA 98107,USA
5/2/2014 0:00,287200,3,3,1850,19966,1,0,0,1090,1992,yes,no,Maple Valley,WA 98038,USA
5/2/2014 0:00,403000,3,2,1960,13100,1,0,2,1650,1957,yes,no,Normandy Park,WA 98166,USA
5/2/2014 0:00,750000,3,2.5,2390,6550,1,0,2,1440,1955,yes,no,Seattle,WA 98116,USA
5/2/2014 0:00,335000,3,2.25,1580,16215,1,0,0,1580,1978,yes,yes,Fall City,WA 98024,USA
5/2/2014 0:00,260000,4,2,1480,8625,1,0,0,1480,1974,yes,no,Renton,WA 98055,USA
5/2/2014 0:00,308500,2,1,850,6174,1,0,0,850,1950,yes,no,Shoreline,WA 98155,USA
5/2/2014 0:00,439950,3,2.5,1770,2875,2,0,0,1770,1990,no,no,Seattle,WA 98116,USA
5/2/2014 0:00,235000,2,1,1210,9400,1,0,0,1210,1949,yes,no,Seattle,WA 98106,USA
5/2/2014 0:00,315000,3,1,1160,9180,1,0,0,1160,1968,yes,no,Woodinville,WA 98077,USA
5/2/2014 0:00,437500,3,2.25,1970,35100,2,0,0,1970,1977,yes,no,Issaquah,WA 98027,USA
5/2/2014 0:00,407500,3,2.5,1930,10460,2,0,0,1930,1996,yes,no,Renton,WA 98059,USA
5/2/2014 0:00,445700,3,2.5,1270,1180,3,0,0,1270,2001,no,yes,Seattle,WA 98107,USA
5/2/2014 0:00,838000,4,2.5,3310,42998,2,0,0,3310,2001,yes,yes,Redmond,WA 98052,USA
5/2/2014 0:00,630000,4,2.75,2710,37277,2,0,0,2710,2000,no,no,Issaquah,WA 98027,USA
5/2/2014 0:00,550000,3,1.75,2910,35200,1.5,0,0,2910,1979,yes,no,Sammamish,WA 98075,USA
5/2/2014 0:00,805000,3,2,2710,4500,1.5,0,0,1880,1929,yes,no,Seattle,WA 98115,USA
5/2/2014 0:00,284000,3,1.75,1800,23103,1,0,0,1800,1968,yes,no,Carnation,WA 98014,USA
5/2/2014 0:00,470000,5,2.5,2210,9655,1,0,0,1460,1976,yes,no,Bothell,WA 98011,USA
5/2/2014 0:00,430000,4,1.5,1920,10000,1,0,0,1070,1954,yes,no,Bellevue,WA 98006,USA
5/2/2014 0:00,491500,4,1.75,2190,125452,1,0,2,2190,1968,no,yes,Auburn,WA 98092,USA
5/2/2014 0:00,785000,5,3.25,3660,11995,2,0,2,3660,2006,yes,no,Snoqualmie,WA 98065,USA
5/2/2014 0:00,385000,3,3.25,1320,1327,2,0,0,1040,2008,yes,no,Seattle,WA 98199,USA
5/2/2014 0:00,295000,2,2.5,1630,1368,2,0,0,1280,2009,yes,no,Seattle,WA 98106,USA
5/2/2014 0:00,555000,4,2.5,3310,6500,2,0,0,3310,2012,no,no,Snoqualmie,WA 98065,USA
5/2/2014 0:00,459990,3,2.5,2680,5539,2,0,0,2680,2013,yes,no,North Bend,WA 98045,USA
5/2/2014 0:00,625000,4,3.25,2730,54014,1,0,0,1560,2007,yes,no,Renton,WA 98059,USA
5/2/2014 0:00,300000,3,2.5,2540,5050,2,0,0,2540,2006,yes,no,Kent,WA 98042,USA
5/3/2014 0:00,625000,4,2.75,2920,6605,2,0,0,2920,2012,yes,yes,Renton,WA 98059,USA
5/3/2014 0:00,553000,2,1,900,5000,1,0,0,900,1944,yes,yes,Seattle,WA 98117,USA
5/3/2014 0:00,379880,3,2.5,1650,14054,1,0,0,1130,1986,no,yes,Issaquah,WA 98027,USA
5/3/2014 0:00,310000,3,1,1010,9945,1,0,0,1010,1973,no,no,Snoqualmie,WA 98065,USA
5/4/2014 0:00,775000,2,2.5,2680,7392,1,0,0,2680,2004,yes,no,Redmond,WA 98053,USA
5/4/2014 0:00,365000,3,2.5,2200,7350,1,0,0,1570,1988,no,no,Renton,WA 98058,USA
5/4/2014 0:00,331950,4,2.5,2530,9933,2,0,2,2010,1990,yes,yes,Auburn,WA 98092,USA
5/4/2014 0:00,783500,3,2.5,2850,7130,2,0,0,1990,1980,yes,no,Seattle,WA 98122,USA
5/4/2014 0:00,628000,4,2,2280,6010,1,0,0,1140,1900,yes,no,Seattle,WA 98122,USA
5/5/2014 0:00,560000,3,2.5,1900,8744,2,0,0,1900,1987,no,yes,Sammamish,WA 98074,USA
5/5/2014 0:00,900000,3,1,1330,77972,1,0,0,1330,1928,no,yes,Kirkland,WA 98033,USA
5/5/2014 0:00,531000,2,3,1270,1175,2,0,0,1110,2000,no,no,Seattle,WA 98103,USA
5/5/2014 0:00,831000,4,3,2170,4000,2,0,0,1610,1982,yes,no,Seattle,WA 98112,USA
5/5/2014 0:00,780000,4,2.5,2730,10281,2,0,2,2730,1996,yes,no,Sammamish,WA 98074,USA
5/5/2014 0:00,755000,4,2.5,2120,10202,1,0,0,1620,1960,yes,yes,Bellevue,WA 98005,USA
5/5/2014 0:00,705380,3,2.5,2490,4343,2,0,0,2490,2003,yes,no,Issaquah,WA 98029,USA
5/5/2014 0:00,627000,4,2.25,1990,7712,1,0,0,1210,1973,no,no,Issaquah,WA 98027,USA
5/5/2014 0:00,865000,4,3,3690,9892,2,0,0,3690,1998,yes,yes,Sammamish,WA 98075,USA
5/5/2014 0:00,580000,2,1,2540,7000,1,0,0,1320,1942,yes,yes,Seattle,WA 98118,USA
5/5/2014 0:00,410000,3,2.25,1800,36704,1,0,0,1360,1978,yes,no,Issaquah,WA 98027,USA
5/5/2014 0:00,485000,4,3,2340,7048,1,0,0,1340,1979,no,no,Kirkland,WA 98034,USA
5/5/2014 0:00,400000,2,1.75,2110,9519,1,0,0,2110,1948,yes,no,Shoreline,WA 98155,USA
5/5/2014 0:00,549000,2,1,1140,5400,1,0,0,1140,1908,no,yes,Seattle,WA 98112,USA
5/5/2014 0:00,620000,3,1.75,1480,2185,2.5,0,0,1480,2005,no,yes,Kirkland,WA 98033,USA
5/5/2014 0:00,405000,2,3,1410,1240,2,0,0,1140,2006,yes,yes,Seattle,WA 98136,USA
5/5/2014 0:00,232000,2,1,1200,8063,1,0,0,1200,1958,no,no,Des Moines,WA 98198,USA
5/5/2014 0:00,800866,5,2.5,3180,13806,2,0,0,3180,1990,yes,no,Kirkland,WA 98033,USA
5/5/2014 0:00,650000,3,1.5,2160,9000,1,0,2,1400,1949,no,yes,Seattle,WA 98177,USA
5/5/2014 0:00,823000,6,1.75,2920,5000,2.5,0,0,2780,1908,yes,no,Seattle,WA 98122,USA
5/5/2014 0:00,770000,3,2,2350,5700,1.5,0,0,1810,1939,yes,yes,Seattle,WA 98112,USA
5/5/2014 0:00,524000,3,1.75,1560,5520,1,0,0,780,1944,no,no,Seattle,WA 98199,USA
5/5/2014 0:00,541125,5,2.75,2740,8426,1,0,0,1370,1960,yes,no,Bellevue,WA 98006,USA
5/5/2014 0:00,670000,3,2.5,1680,2000,3,0,0,1680,1909,no,yes,Seattle,WA 98105,USA
5/5/2014 0:00,384900,5,2.5,3090,12750,1,0,0,1750,1968,yes,yes,Federal Way,WA 98023,USA
5/5/2014 0:00,406100,3,2.25,1410,1332,3,0,0,1410,2005,yes,no,Seattle,WA 98103,USA
5/5/2014 0:00,1395000,5,3.5,4010,8510,2,0,1,2850,1971,no,yes,Seattle,WA 98105,USA
5/5/2014 0:00,736500,4,2.5,3180,21904,2,0,3,3180,2000,yes,yes,Renton,WA 98059,USA
5/5/2014 0:00,570000,3,2.25,2010,6000,1,0,0,1330,1975,no,no,Redmond,WA 98052,USA
5/5/2014 0:00,787000,3,1.75,1330,7500,1,0,0,1330,1961,yes,no,Bellevue,WA 98004,USA
5/5/2014 0:00,328000,4,2.5,2370,6500,2,0,0,2370,1998,yes,no,Auburn,WA 98092,USA
5/5/2014 0:00,435000,5,2,1840,9240,1,0,0,1540,1942,no,yes,Seattle,WA 98133,USA
5/5/2014 0:00,499000,4,2.5,2910,6479,2,0,0,2910,2006,yes,no,Snoqualmie,WA 98065,USA
5/5/2014 0:00,501000,4,1,2070,7519,1,0,0,1160,1963,yes,yes,Bellevue,WA 98008,USA
5/5/2014 0:00,1090000,4,2.5,4340,141570,2.5,0,0,4340,1992,no,yes,Redmond,WA 98053,USA
5/5/2014 0:00,400000,2,1,840,5510,1,0,0,840,1955,no,no,Seattle,WA 98136,USA
5/5/2014 0:00,220000,4,1.5,1240,9600,1,0,0,1240,1971,no,no,Federal Way,WA 98023,USA
5/5/2014 0:00,657100,4,1,1390,4240,1,0,0,1050,1924,no,yes,Seattle,WA 98103,USA
5/5/2014 0:00,309950,4,2.75,2310,5000,2,0,0,2310,2006,yes,no,Maple Valley,WA 98038,USA
5/5/2014 0:00,300000,3,2,1050,10072,1,0,0,1050,1986,no,no,Duvall,WA 98019,USA
5/5/2014 0:00,525888,5,1.75,2550,71874,1,0,0,1810,1960,no,yes,Issaquah,WA 98027,USA
5/5/2014 0:00,740000,4,1.75,2010,3600,1.5,0,0,2010,1902,no,yes,Seattle,WA 98119,USA
5/5/2014 0:00,340000,5,1,1120,9022,1.5,0,0,1120,1962,yes,yes,Kirkland,WA 98034,USA
5/5/2014 0:00,398750,3,2.5,2230,4000,2,0,0,2230,1954,no,yes,Seattle,WA 98144,USA
5/5/2014 0:00,206000,2,1,810,7158,1,0,0,810,1944,yes,no,Burien,WA 98168,USA
5/5/2014 0:00,1030000,5,2.75,3190,16920,1,0,3,1690,1976,yes,yes,Bellevue,WA 98006,USA
5/5/2014 0:00,600000,3,1.75,1670,39639,1,0,0,1670,1976,yes,yes,Sammamish,WA 98075,USA
5/5/2014 0:00,379950,4,1.75,1970,9389,1,0,0,1140,1960,no,yes,Shoreline,WA 98133,USA
5/5/2014 0:00,287000,3,1,1450,6000,1,0,0,1450,1953,yes,yes,Seattle,WA 98118,USA
5/5/2014 0:00,2280000,7,8,13540,307752,3,0,4,9410,1999,no,yes,Redmond,WA 98053,USA
5/5/2014 0:00,309950,3,2.5,1880,7838,2,0,0,1880,1994,no,no,Renton,WA 98055,USA
5/5/2014 0:00,600000,3,1.75,1880,6360,1,0,0,1040,1945,no,no,Seattle,WA 98115,USA
5/5/2014 0:00,418000,3,2,1410,6030,1.5,0,0,1410,1930,yes,no,Seattle,WA 98103,USA
5/5/2014 0:00,449250,4,2,1480,3844,1.5,0,0,1480,1928,no,yes,Seattle,WA 98133,USA
5/5/2014 0:00,329950,2,1,1140,5250,1.5,0,0,1140,1949,yes,no,Seattle,WA 98133,USA
5/5/2014 0:00,245000,3,1.75,1920,9306,1,0,0,1000,1984,yes,no,Auburn,WA 98001,USA
5/5/2014 0:00,549000,4,2.5,2910,6338,2,0,0,2910,2008,no,no,Renton,WA 98059,USA
5/5/2014 0:00,800000,3,2.5,3240,7857,2,0,0,3240,1994,no,yes,Sammamish,WA 98075,USA
5/5/2014 0:00,249950,3,2,1550,15040,1,0,0,1550,1958,no,no,Renton,WA 98059,USA
5/5/2014 0:00,210000,5,2,2050,10200,1,0,0,1430,1956,yes,no,Des Moines,WA 98198,USA
5/5/2014 0:00,1425000,2,2.5,2220,4000,2,0,0,2220,2000,yes,no,Seattle,WA 98112,USA
5/5/2014 0:00,585000,2,1,1770,8640,1.5,0,0,1520,1949,no,yes,Seattle,WA 98117,USA
5/5/2014 0:00,615000,4,1.75,2300,11700,1,0,0,1960,1977,yes,no,Redmond,WA 98052,USA
5/5/2014 0:00,618500,3,2,1800,5000,1,0,0,1080,1942,yes,no,Seattle,WA 98115,USA
5/5/2014 0:00,487585,4,1.75,2010,9211,1,0,0,1470,1977,no,no,Kirkland,WA 98034,USA
5/5/2014 0:00,509900,3,2.5,1790,2700,2,0,0,1790,2010,yes,no,Issaquah,WA 98027,USA
5/5/2014 0:00,631625,4,2.5,2440,6651,2,0,0,2440,2014,yes,yes,Seattle,WA 98117,USA
5/5/2014 0:00,555000,3,2.5,1940,3211,2,0,0,1940,2009,yes,no,Issaquah,WA 98027,USA
5/5/2014 0:00,340000,2,1.5,1160,1438,2,0,0,1160,2001,no,yes,Seattle,WA 98144,USA
5/5/2014 0:00,830000,4,2.5,3400,9692,2,0,0,3400,2007,no,no,Redmond,WA 98052,USA
5/5/2014 0:00,890000,4,4.25,4420,5750,2,0,0,3410,2006,no,yes,Issaquah,WA 98027,USA
5/5/2014 0:00,366750,3,3,1571,2017,3,0,0,1571,2008,yes,yes,Seattle,WA 98125,USA
5/5/2014 0:00,415000,3,2.25,1620,998,2.5,0,0,1540,2010,no,no,Issaquah,WA 98029,USA
5/5/2014 0:00,416286,3,2.5,1408,989,3,0,0,1408,2005,no,no,Seattle,WA 98115,USA
5/5/2014 0:00,478000,3,2.5,3040,4535,2,0,0,3040,2007,no,no,Renton,WA 98056,USA
5/5/2014 0:00,890000,5,3.5,4490,6000,2,0,0,3200,2006,no,no,Issaquah,WA 98027,USA
5/5/2014 0:00,419190,2,2.5,1590,1426,2,0,0,1590,2014,no,yes,Issaquah,WA 98029,USA
5/5/2014 0:00,712198,4,2.5,2450,4247,2,0,0,2450,2013,yes,yes,Redmond,WA 98052,USA
5/6/2014 0:00,397000,4,2,1440,7680,1,0,0,1200,1971,yes,no,Kirkland,WA 98034,USA
5/6/2014 0:00,450000,2,2,1100,3000,1.5,0,0,1100,1912,yes,yes,Seattle,WA 98117,USA
5/6/2014 0:00,353000,3,1,1350,7740,1,0,0,860,1947,no,yes,Seattle,WA 98125,USA
5/6/2014 0:00,609000,4,2.5,2150,37981,2,0,0,2150,1985,no,no,Redmond,WA 98052,USA
5/6/2014 0:00,234000,3,1.75,1490,8366,1,0,0,1010,1975,no,yes,Covington,WA 98042,USA
5/6/2014 0:00,561000,3,2,2000,7000,2,0,0,2000,1916,no,yes,Seattle,WA 98136,USA
5/6/2014 0:00,469000,2,1,1030,4400,1,0,0,1030,1924,no,yes,Seattle,WA 98117,USA
5/6/2014 0:00,329350,2,1,720,6687,1,0,0,720,1942,no,no,Seattle,WA 98117,USA
5/6/2014 0:00,488000,5,2,2020,5000,1.5,0,0,2020,1938,yes,yes,Seattle,WA 98117,USA
5/6/2014 0:00,279900,3,1.75,1580,8151,1,0,1,1100,1962,yes,no,Des Moines,WA 98198,USA
5/6/2014 0:00,606000,4,2.5,2110,13850,2,0,0,2110,1987,yes,no,Issaquah,WA 98027,USA
5/6/2014 0:00,312000,4,2,1300,7054,1,0,0,1300,1950,no,yes,Seattle,WA 98146,USA
5/6/2014 0:00,650000,3,1.5,1630,7475,1,0,1,1160,1940,yes,yes,Seattle,WA 98115,USA
5/6/2014 0:00,1135000,4,2.75,3370,8103,1,0,3,1970,1970,no,yes,Seattle,WA 98136,USA
5/6/2014 0:00,325000,4,2.5,1890,6156,1,0,0,980,1980,no,yes,Seattle,WA 98106,USA
5/6/2014 0:00,425000,4,2,1520,7983,1,0,0,1520,1967,yes,yes,Inglewood-Finn Hill,WA 98034,USA
5/6/2014 0:00,219000,2,1,900,5160,1,0,0,900,1952,yes,no,Seattle,WA 98106,USA
5/6/2014 0:00,250000,3,1,1050,6874,1,0,0,1050,1954,yes,yes,Shoreline,WA 98133,USA
5/6/2014 0:00,390000,3,1.75,1260,6500,1,0,0,1260,1966,yes,no,Bellevue,WA 98008,USA
5/6/2014 0:00,475000,6,3,3470,117612,1.5,0,0,3470,1924,no,yes,Kenmore,WA 98028,USA
5/6/2014 0:00,736000,4,2.5,2290,12047,2,0,0,2290,1988,no,no,Bellevue,WA 98006,USA
5/6/2014 0:00,407000,4,2.25,2810,23400,1,0,1,1710,1958,yes,yes,Des Moines,WA 98198,USA
5/6/2014 0:00,272000,3,2.5,1650,13816,2,0,0,1650,1998,yes,no,Carnation,WA 98014,USA
5/6/2014 0:00,362000,3,2.25,1640,14374,1,0,0,1140,1963,no,yes,Burien,WA 98148,USA
5/6/2014 0:00,535000,3,2.5,1850,10109,2,0,0,1850,1991,no,no,Kirkland,WA 98034,USA
5/6/2014 0:00,284000,4,2.5,2000,5390,2,0,0,2000,2003,yes,no,Kent,WA 98042,USA
5/6/2014 0:00,367500,3,1.5,1410,9647,1,0,0,1410,1961,no,yes,Shoreline,WA 98177,USA
5/6/2014 0:00,379900,4,1.75,1500,11600,1,0,0,1000,1955,no,yes,Kenmore,WA 98028,USA
5/6/2014 0:00,520000,3,2.5,2460,54885,2,0,0,2460,1980,no,no,Renton,WA 98059,USA
5/6/2014 0:00,175000,3,1,1010,7034,1,0,0,1010,1954,yes,yes,Renton,WA 98057,USA
5/6/2014 0:00,460000,2,2.25,1230,929,2,0,0,1020,2004,no,yes,Seattle,WA 98112,USA
5/6/2014 0:00,345000,4,2.5,2331,3826,2,0,0,2331,2007,yes,no,Renton,WA 98058,USA
5/6/2014 0:00,455000,5,2.5,2240,7770,1,0,0,1340,1978,no,no,Kirkland,WA 98034,USA
5/6/2014 0:00,610000,4,3,2450,10117,1,0,0,1580,1967,no,yes,Bellevue,WA 98006,USA
5/6/2014 0:00,563000,4,3,3100,15480,2,0,0,2400,1996,no,yes,Kenmore,WA 98028,USA
5/6/2014 0:00,612500,4,2,2060,5000,1,0,0,1030,1949,no,no,Seattle,WA 98117,USA
5/6/2014 0:00,218000,3,1.75,1850,7684,1,0,0,1320,1979,yes,yes,Federal Way,WA 98023,USA
5/6/2014 0:00,404000,4,1.75,1840,10720,1,0,0,960,1958,yes,no,Bellevue,WA 98008,USA
5/6/2014 0:00,860000,4,2,3740,32417,2,0,0,3740,2000,no,yes,Redmond,WA 98053,USA
5/6/2014 0:00,136500,3,1.5,1420,8580,1,0,0,1420,1962,yes,no,Federal Way,WA 98023,USA
5/6/2014 0:00,313950,3,1,1510,6083,1,0,0,860,1940,no,yes,Seattle,WA 98115,USA
5/6/2014 0:00,575000,3,1.75,2130,6500,1,0,2,1170,1954,no,yes,Seattle,WA 98199,USA
5/6/2014 0:00,1225000,4,2.25,3490,6906,2,0,0,2280,1928,no,yes,Seattle,WA 98199,USA
5/6/2014 0:00,280000,3,1.75,1630,11800,1,0,0,1630,1971,no,yes,North Bend,WA 98045,USA
5/6/2014 0:00,515000,3,2.5,1790,7167,2,0,0,1790,1989,no,yes,Sammamish,WA 98074,USA
5/6/2014 0:00,513000,4,2.5,2000,5684,2,0,0,2000,1996,no,yes,Kenmore,WA 98028,USA
5/6/2014 0:00,599000,4,2.25,2260,29930,2,0,0,1400,1977,yes,yes,Bellevue,WA 98006,USA
5/6/2014 0:00,685000,4,2.5,3030,7864,2,0,0,3030,1999,yes,no,Sammamish,WA 98074,USA
5/6/2014 0:00,365000,3,1.5,1310,8160,1,0,0,1310,1950,no,no,Seattle,WA 98133,USA
5/6/2014 0:00,762300,4,2.5,3880,14550,2,0,0,3880,1987,yes,yes,Sammamish,WA 98074,USA
5/6/2014 0:00,1580000,4,3.25,3760,10920,1.5,0,0,2400,1950,yes,yes,Seattle,WA 98105,USA
5/6/2014 0:00,562000,5,2.25,3040,8111,2,0,0,3040,1984,no,yes,Redmond,WA 98052,USA
5/6/2014 0:00,530000,5,2.5,2910,9636,1,0,0,1690,1964,no,no,Bellevue,WA 98008,USA
5/6/2014 0:00,525000,3,2.5,2970,11985,1,0,0,1770,1995,no,yes,Sammamish,WA 98074,USA
5/6/2014 0:00,484000,2,1.75,1660,6000,1,0,0,1160,1942,yes,no,Seattle,WA 98105,USA
5/6/2014 0:00,725126,4,2.5,3200,12369,2,0,0,3200,1998,yes,yes,Newcastle,WA 98059,USA
5/6/2014 0:00,360000,4,2,2680,18768,1,0,0,2680,1965,yes,yes,Auburn,WA 98001,USA
5/6/2014 0:00,387000,3,1,1230,9568,1,0,0,1230,1962,no,no,Newcastle,WA 98056,USA
5/6/2014 0:00,483500,4,2.5,2740,45732,2,0,0,2740,1995,no,no,Woodinville,WA 98077,USA
5/6/2014 0:00,655500,4,3.5,3380,8330,2,0,0,3380,2000,no,yes,Shoreline,WA 98177,USA
5/6/2014 0:00,345000,3,1,1110,6250,1,0,0,1110,1956,no,no,Seattle,WA 98115,USA
5/6/2014 0:00,533000,5,2.75,1800,3780,1.5,0,0,1400,1926,yes,yes,Seattle,WA 98103,USA
5/6/2014 0:00,385000,3,1.75,1900,5520,1,0,0,1280,1982,no,yes,Seattle,WA 98118,USA
5/6/2014 0:00,675000,2,1,930,36478,1,0,2,930,1951,no,yes,Bellevue,WA 98006,USA
5/6/2014 0:00,197000,3,1.75,1690,7735,1,0,0,1060,1976,no,no,Auburn,WA 98001,USA
5/6/2014 0:00,485000,3,2,1420,4080,1.5,0,0,1420,1905,no,no,Seattle,WA 98103,USA
5/6/2014 0:00,1870000,5,4,4510,15175,2,0,0,4510,1969,yes,no,Mercer Island,WA 98040,USA
5/6/2014 0:00,295000,3,2.25,1980,8000,1,0,0,1560,1974,yes,no,Federal Way,WA 98023,USA
5/6/2014 0:00,499000,2,1.75,1170,2400,1,0,0,740,1903,no,yes,Seattle,WA 98103,USA
5/6/2014 0:00,1050000,3,2.5,2200,1970,2,0,0,1610,2008,yes,yes,Seattle,WA 98102,USA
5/6/2014 0:00,191000,3,1.5,800,8850,1,0,0,800,1959,no,no,Federal Way,WA 98023,USA
5/6/2014 0:00,500000,3,2.5,1480,1171,3,0,0,1480,2006,yes,yes,Seattle,WA 98112,USA
5/6/2014 0:00,390000,5,3.75,2890,5000,1,0,0,1310,2006,yes,yes,Seattle,WA 98144,USA
5/6/2014 0:00,979000,3,2.5,2690,4047,3,0,0,2690,2014,yes,no,Seattle,WA 98117,USA
5/6/2014 0:00,580000,4,3.25,3569,8327,2,0,0,3569,2013,yes,no,Renton,WA 98055,USA
5/6/2014 0:00,369950,3,2,1270,1320,3,0,0,1270,2006,yes,no,Seattle,WA 98103,USA
5/6/2014 0:00,1800000,5,5,4490,10279,2,0,0,3930,2013,yes,yes,Bellevue,WA 98004,USA
5/6/2014 0:00,776000,4,2.5,3040,6425,2,0,0,3040,2008,no,no,Redmond,WA 98052,USA
5/7/2014 0:00,519950,3,2.25,1170,1249,3,0,0,1170,2014,no,yes,Seattle,WA 98107,USA
5/7/2014 0:00,255000,5,2.25,2060,8632,1,0,0,1030,1962,no,no,Burien,WA 98146,USA
5/7/2014 0:00,495000,3,1,990,6000,1,0,0,990,1943,no,no,Seattle,WA 98105,USA
5/7/2014 0:00,510000,4,2.5,2430,5203,2,0,0,2430,2003,no,yes,Shoreline,WA 98155,USA
5/7/2014 0:00,1150000,4,4,4460,103382,2,0,0,4460,2001,yes,yes,Redmond,WA 98053,USA
5/7/2014 0:00,253000,3,1.75,1250,10122,1,0,0,1250,1994,no,yes,Black Diamond,WA 98010,USA
5/7/2014 0:00,503000,3,2.75,1540,6760,1,0,0,1210,1980,yes,no,Kirkland,WA 98034,USA
5/7/2014 0:00,275000,3,2.5,1600,7000,2,0,0,1600,1993,no,yes,Maple Valley,WA 98038,USA
5/7/2014 0:00,249000,3,1,1110,8423,1,0,0,1110,1952,no,yes,Burien,WA 98166,USA
5/7/2014 0:00,310000,3,1.75,1840,10723,1,0,0,1220,1974,no,yes,Renton,WA 98058,USA
5/7/2014 0:00,750000,3,2.75,2520,5401,1,0,0,1360,1946,no,no,Seattle,WA 98119,USA
5/7/2014 0:00,630000,3,2.5,2680,327135,2,0,0,2680,1995,no,no,Ravensdale,WA 98051,USA
5/7/2014 0:00,599999,9,4.5,3830,6988,2.5,0,0,2450,1938,no,no,Seattle,WA 98103,USA
5/7/2014 0:00,758000,4,2.75,2410,9549,1,0,0,1780,1956,yes,no,Kirkland,WA 98033,USA
5/7/2014 0:00,248500,4,1.75,1720,10018,1,0,0,1720,1960,no,yes,Covington,WA 98042,USA
5/7/2014 0:00,310000,3,1.75,2070,37904,1,0,0,1420,1973,no,yes,Kent,WA 98031,USA
5/7/2014 0:00,460000,3,2,1760,9055,2,0,0,1760,1985,no,no,Redmond,WA 98052,USA
5/7/2014 0:00,675000,3,1.75,1680,10500,1,0,0,1680,1959,no,no,Bellevue,WA 98005,USA
5/7/2014 0:00,526000,2,2,1550,2400,1.5,0,0,1550,1900,no,no,Seattle,WA 98103,USA
5/7/2014 0:00,560000,3,3,4120,60392,2,0,2,3180,1994,no,yes,Carnation,WA 98014,USA
5/7/2014 0:00,415000,4,3,1830,9548,2,0,0,1830,1991,no,yes,Bothell,WA 98028,USA
5/7/2014 0:00,246000,3,1,1400,7410,1,0,0,1400,1944,no,no,Burien,WA 98166,USA
5/7/2014 0:00,314500,3,1.75,1870,12381,1,0,0,1870,1957,no,yes,Federal Way,WA 98003,USA
5/7/2014 0:00,3200000,7,4.5,6210,8856,2.5,0,2,4760,1910,no,no,Seattle,WA 98109,USA
5/7/2014 0:00,420000,2,1.5,1040,3500,1.5,0,0,1040,1904,no,no,Seattle,WA 98144,USA
5/7/2014 0:00,535000,3,1.75,2720,149410,1.5,0,0,2720,1988,yes,no,Carnation,WA 98014,USA
5/7/2014 0:00,350000,3,1,1010,9360,1,0,0,1010,1981,yes,no,Kirkland,WA 98033,USA
5/7/2014 0:00,515000,3,1.75,1580,9147,1,0,1,1210,1967,no,no,Bellevue,WA 98008,USA
5/7/2014 0:00,749950,4,2.75,2600,6050,2,0,0,1960,1949,no,no,Seattle,WA 98116,USA
5/7/2014 0:00,230000,3,2.5,1920,9180,2,0,0,1920,1988,no,no,Renton,WA 98057,USA
5/7/2014 0:00,568000,3,2,2350,5080,1.5,0,0,1780,1929,yes,yes,Seattle,WA 98118,USA
5/7/2014 0:00,250000,1,1,1100,4373,1,0,0,820,1947,yes,no,Burien,WA 98166,USA
5/7/2014 0:00,581000,4,2,2510,13695,1,0,0,1280,1961,no,no,Kirkland,WA 98033,USA
5/7/2014 0:00,651000,3,2.5,3240,108366,2,0,0,3240,1991,no,yes,Kent,WA 98042,USA
5/7/2014 0:00,600000,3,2.5,2460,108900,1,0,0,1860,1977,no,no,Issaquah,WA 98027,USA
5/7/2014 0:00,500000,2,1,1010,3885,1.5,0,0,1010,1906,no,yes,Seattle,WA 98112,USA
5/7/2014 0:00,475000,2,1,820,2723,1,0,0,820,1921,no,no,Seattle,WA 98103,USA
5/7/2014 0:00,352000,5,2.5,2420,8560,1,0,2,1620,1978,no,no,Seattle,WA 98118,USA
5/7/2014 0:00,420000,3,2.25,1770,8165,2,0,0,1770,1977,no,no,Kirkland,WA 98034,USA
5/7/2014 0:00,428000,2,2,1350,3900,1,0,0,1350,2003,yes,no,Redmond,WA 98053,USA
5/7/2014 0:00,599000,3,1.75,1960,4788,1,0,0,1090,1920,no,no,Seattle,WA 98115,USA
5/7/2014 0:00,492000,4,2.5,3305,16164,1.5,0,0,2245,1922,no,no,Shoreline,WA 98133,USA
5/7/2014 0:00,630000,2,2.25,2550,5663,1,0,0,1720,2011,no,yes,Renton,WA 98056,USA
5/7/2014 0:00,900000,5,3.75,4130,226076,2,0,0,3170,1985,no,yes,Woodinville,WA 98077,USA
5/7/2014 0:00,1110000,4,1.5,2310,13300,1,0,0,1890,1950,no,no,Clyde Hill,WA 98004,USA
5/7/2014 0:00,575000,4,2,1650,5000,1,0,0,1650,1955,no,no,Seattle,WA 98117,USA
5/7/2014 0:00,705000,4,2.5,2650,4316,1.5,0,0,1520,1905,no,yes,Seattle,WA 98116,USA
5/7/2014 0:00,940000,4,2.25,1890,5940,1,0,1,1470,1963,no,no,Seattle,WA 98112,USA
5/7/2014 0:00,313000,3,1.75,2190,8000,1,0,0,2190,1967,no,no,Federal Way,WA 98023,USA
5/7/2014 0:00,618080,3,2.5,2030,6500,2,0,0,2030,1988,no,yes,Issaquah,WA 98027,USA
5/7/2014 0:00,640000,3,3,2270,5175,2,0,0,2130,2002,no,no,Renton,WA 98056,USA
5/7/2014 0:00,485000,3,2,1610,4160,1,0,0,1010,1917,no,no,Seattle,WA 98136,USA
5/7/2014 0:00,300000,2,1,760,3001,1,0,0,760,1913,yes,no,Seattle,WA 98144,USA
5/7/2014 0:00,379500,2,1,1640,17335,1,0,0,840,1978,yes,yes,Redmond,WA 98053,USA
5/7/2014 0:00,339950,3,2.25,1630,12295,2,0,0,1630,1985,no,no,Renton,WA 98058,USA
5/7/2014 0:00,1500000,6,2.5,3560,6480,2.5,0,0,3560,1914,no,no,Seattle,WA 98112,USA
5/7/2014 0:00,1340000,3,3,2960,5500,2,0,2,2440,1937,no,no,Seattle,WA 98199,USA
5/7/2014 0:00,500000,3,2.5,1940,37565,1,0,0,1940,1987,no,yes,Issaquah,WA 98027,USA
5/7/2014 0:00,239900,3,2,1410,7566,1,0,0,1410,1985,yes,no,Kent,WA 98030,USA
5/7/2014 0:00,314950,3,1,1040,16986,1,0,0,1040,1968,yes,yes,Renton,WA 98059,USA
5/7/2014 0:00,361280,2,1,820,6400,1,0,0,820,1944,no,yes,Seattle,WA 98126,USA
5/7/2014 0:00,100000,2,1,910,22000,1,0,0,910,1956,no,no,Algona,WA 98001,USA
5/7/2014 0:00,540000,7,5.75,3700,7647,2,0,1,3700,1948,yes,yes,Lake Forest Park,WA 98155,USA
5/7/2014 0:00,480500,4,2.5,2180,11200,1,0,0,2180,1968,no,no,Woodinville,WA 98072,USA
5/7/2014 0:00,280000,3,2.5,1600,4271,2,0,0,1600,2000,no,no,Auburn,WA 98001,USA
5/7/2014 0:00,440000,3,1.75,1500,6180,1,0,0,1060,1947,no,no,Seattle,WA 98118,USA
5/7/2014 0:00,530000,3,1,1340,4284,1,0,0,1080,1910,no,no,Seattle,WA 98105,USA
5/7/2014 0:00,560000,3,2,1860,13374,1,0,0,1860,1985,yes,no,Issaquah,WA 98027,USA
5/7/2014 0:00,775000,3,2,2540,7200,1.5,0,3,1600,1905,no,yes,Seattle,WA 98144,USA
5/7/2014 0:00,160000,2,1,1040,13100,1,0,0,1040,1912,no,no,Kent,WA 98032,USA
5/7/2014 0:00,209950,3,1.5,1380,11130,1,0,0,1380,1960,no,no,Federal Way,WA 98003,USA
5/7/2014 0:00,226500,3,1.75,1640,10762,1,0,0,1130,1988,no,no,Covington,WA 98042,USA
5/7/2014 0:00,380000,5,1.75,3000,6000,1,0,0,1500,1958,no,no,Seattle,WA 98178,USA
5/7/2014 0:00,409500,4,2.75,2140,13000,1,0,0,1320,1968,no,no,Kenmore,WA 98028,USA
5/7/2014 0:00,690000,3,2,1760,6428,1,0,0,980,1942,no,yes,Seattle,WA 98199,USA
5/7/2014 0:00,405000,3,2.25,1660,8307,1,0,0,1660,1961,no,yes,Shoreline,WA 98133,USA
5/7/2014 0:00,375000,3,2.5,1830,13042,2,0,0,1830,1990,no,no,Maple Valley,WA 98038,USA
5/7/2014 0:00,794154,4,2,2210,8556,1,0,1,1210,1954,no,no,Seattle,WA 98199,USA
5/7/2014 0:00,185000,4,1,1490,6600,1,0,0,1490,1969,no,no,Burien,WA 98168,USA
5/7/2014 0:00,245000,3,1.5,1260,1270,2,0,0,1040,2005,no,yes,Seattle,WA 98133,USA
5/7/2014 0:00,1532500,5,4.5,4270,8076,2,0,0,3400,2007,yes,no,Kirkland,WA 98033,USA
5/7/2014 0:00,1040000,4,3.5,3900,8391,2,0,0,3900,2006,no,yes,Kirkland,WA 98033,USA
5/7/2014 0:00,425000,2,2.5,1150,1027,3,0,0,1150,2008,no,yes,Seattle,WA 98103,USA
5/7/2014 0:00,495000,4,2.75,2656,21195,2,0,0,2656,2014,yes,yes,Auburn,WA 98001,USA
5/7/2014 0:00,365000,5,2.75,2410,5003,1,0,0,1410,2008,no,no,Seattle,WA 98118,USA
5/7/2014 0:00,417250,3,2.25,1606,1452,3,0,0,1606,2009,no,no,Seattle,WA 98125,USA
5/7/2014 0:00,339950,2,1,820,681,3,0,0,820,2006,yes,no,Seattle,WA 98103,USA
5/8/2014 0:00,615000,2,1,1540,6872,1,0,0,820,1946,no,yes,Seattle,WA 98119,USA
5/8/2014 0:00,403000,3,2.75,2090,8354,2,0,0,2090,2012,no,no,Duvall,WA 98019,USA
5/8/2014 0:00,980000,5,2.5,3160,11470,1,0,0,1780,1971,no,no,Mercer Island,WA 98040,USA
5/8/2014 0:00,258000,4,1.75,1730,8320,1,0,0,1230,1977,yes,yes,Federal Way,WA 98023,USA
5/8/2014 0:00,533000,3,1,1670,4080,1,0,0,1170,1967,no,no,Seattle,WA 98115,USA
5/8/2014 0:00,537500,4,2.5,2550,4630,2,0,0,2550,2005,no,no,Sammamish,WA 98075,USA
5/8/2014 0:00,830000,5,3,3040,9601,1,0,0,1970,1968,yes,yes,Mercer Island,WA 98040,USA
5/8/2014 0:00,712000,3,1,1250,4620,1.5,0,0,1150,1900,no,no,Seattle,WA 98103,USA
5/8/2014 0:00,262000,4,2.5,2020,6236,2,0,0,2020,2002,yes,yes,Algona,WA 98001,USA
5/8/2014 0:00,753888,4,2.5,2660,5500,2,0,2,2660,2003,yes,no,Issaquah,WA 98029,USA
5/8/2014 0:00,134000,2,1.5,980,5000,2,0,0,980,1922,no,yes,Skykomish,WA 98288,USA
5/8/2014 0:00,402000,3,2.5,1960,8000,1,0,0,1290,1977,yes,no,Kirkland,WA 98034,USA
5/8/2014 0:00,205000,2,1,720,5040,1,0,0,720,1955,yes,yes,Seattle,WA 98106,USA
5/8/2014 0:00,553650,2,2.5,1360,1349,2,0,0,1050,1997,no,no,Seattle,WA 98112,USA
5/8/2014 0:00,559950,2,2,1870,4950,1,0,0,1870,2006,no,yes,Redmond,WA 98053,USA
5/8/2014 0:00,260000,4,1.5,2130,8800,1,0,0,1100,1962,no,yes,Kent,WA 98032,USA
5/8/2014 0:00,270000,4,2.5,1810,6509,2,0,0,1810,1994,no,yes,Kent,WA 98042,USA
5/8/2014 0:00,295000,2,1.75,2200,89298,1,0,0,1100,1973,no,no,Issaquah,WA 98027,USA
5/8/2014 0:00,719000,3,2.5,1690,4500,1.5,0,1,1690,1928,no,no,Seattle,WA 98116,USA
5/8/2014 0:00,266000,3,2.5,1940,8547,1,0,0,1460,1989,yes,yes,Kent,WA 98030,USA
5/8/2014 0:00,325900,4,2.5,2320,6270,2,0,0,2320,2004,yes,no,Kent,WA 98042,USA
5/8/2014 0:00,647500,4,1.75,2060,26036,1,0,0,1160,1947,no,yes,Normandy Park,WA 98166,USA
5/8/2014 0:00,1039000,4,1,3410,5000,2,0,0,2190,1910,no,yes,Seattle,WA 98144,USA
5/8/2014 0:00,569000,4,2.25,2250,41688,2,0,0,2250,1980,no,no,Redmond,WA 98053,USA
5/8/2014 0:00,246000,3,1.75,1390,7399,1,0,0,1390,1975,no,no,Kent,WA 98031,USA
5/8/2014 0:00,515000,2,1,1060,4960,1,0,0,1060,1926,no,yes,Seattle,WA 98103,USA
5/8/2014 0:00,207000,3,1,1490,8995,1,0,0,1490,1954,yes,no,Seattle,WA 98168,USA
5/8/2014 0:00,780000,4,1.75,2480,9195,1,0,0,1390,1950,no,no,Bellevue,WA 98004,USA
5/8/2014 0:00,489990,5,2.25,2440,20828,1.5,0,0,2440,1975,no,no,Kent,WA 98042,USA
5/8/2014 0:00,335000,3,1.5,2240,87625,1.5,0,0,1480,1980,no,yes,Auburn,WA 98092,USA
5/8/2014 0:00,295000,3,2.5,1920,7229,2,0,0,1920,1993,no,no,Federal Way,WA 98003,USA
5/8/2014 0:00,385000,3,1.75,1890,9920,1,0,0,1230,1944,no,no,Seattle,WA 98125,USA
5/8/2014 0:00,350000,4,1.75,2250,13515,1,0,0,2150,1940,no,yes,Kent,WA 98030,USA
5/8/2014 0:00,235000,2,1,1270,3008,1,0,0,650,1923,no,no,Seattle,WA 98118,USA
5/8/2014 0:00,358000,2,1.5,960,1808,2,0,0,960,1993,no,no,Seattle,WA 98122,USA
5/8/2014 0:00,716500,4,2.5,3290,6465,2,0,0,3290,2002,no,no,Sammamish,WA 98075,USA
5/8/2014 0:00,228000,4,1.75,2000,6120,1,0,0,1100,1965,no,no,Seattle,WA 98178,USA
5/8/2014 0:00,405000,2,1,1020,8155,1,0,0,1020,1948,no,no,Seattle,WA 98177,USA
5/8/2014 0:00,538000,4,1.75,1840,9600,1,0,0,1220,1967,no,no,Redmond,WA 98052,USA
5/8/2014 0:00,530000,3,1.75,1980,6760,1,0,0,1980,1973,no,no,Bellevue,WA 98008,USA
5/8/2014 0:00,1750000,6,3,3510,5760,2.5,0,0,3510,1906,yes,yes,Seattle,WA 98112,USA
5/8/2014 0:00,636000,2,1.75,1230,3600,1.5,0,0,1230,1925,no,no,Seattle,WA 98119,USA
5/8/2014 0:00,535000,4,2.5,2280,65836,2,0,0,2280,2004,no,no,Woodinville,WA 98077,USA
5/8/2014 0:00,1500000,3,1.75,2430,12757,1,0,2,1340,1952,no,no,Bellevue,WA 98004,USA
5/8/2014 0:00,868500,3,2.5,2920,3942,3,0,0,2920,2008,no,no,Renton,WA 98056,USA
5/8/2014 0:00,530000,4,2.75,2280,2850,1.5,0,0,1540,1930,no,no,Seattle,WA 98115,USA
5/8/2014 0:00,450000,3,2,1510,43560,1,0,0,1510,1954,no,no,Woodinville,WA 98077,USA
5/8/2014 0:00,230000,3,1.75,950,6000,1,0,0,790,1939,no,no,Seattle,WA 98108,USA
5/8/2014 0:00,229000,3,2.5,1190,3000,2,0,0,1190,2002,no,yes,Tukwila,WA 98178,USA
5/8/2014 0:00,437000,3,1.75,1310,9282,1,0,0,1310,1976,no,no,Redmond,WA 98052,USA
5/8/2014 0:00,1307000,5,3.25,2800,3200,1.5,0,0,1910,1932,no,yes,Seattle,WA 98109,USA
5/8/2014 0:00,595000,3,2.5,1750,3354,2,0,0,1750,1991,yes,no,Kirkland,WA 98033,USA
5/8/2014 0:00,660000,3,1.75,1320,5750,1.5,0,0,1320,1918,no,no,Seattle,WA 98116,USA
5/8/2014 0:00,347500,4,2.5,2460,7350,2,0,0,2460,1989,no,no,Federal Way,WA 98023,USA
5/8/2014 0:00,297950,3,2,1240,10800,1,0,0,1240,1967,yes,no,Renton,WA 98058,USA
5/8/2014 0:00,245000,3,1.5,1260,7964,1,0,0,1260,1955,no,yes,Des Moines,WA 98148,USA
5/8/2014 0:00,543200,6,2.25,2820,15600,1.5,0,2,1970,1940,no,yes,Burien,WA 98166,USA
5/8/2014 0:00,1250000,4,3.25,3820,24166,2,0,1,3310,1990,yes,no,Mercer Island,WA 98040,USA
5/8/2014 0:00,413450,3,2.5,1540,1614,3,0,0,1470,2008,no,yes,Seattle,WA 98103,USA
5/8/2014 0:00,330000,2,2,1550,435600,1.5,0,0,1550,1972,no,yes,Snoqualmie,WA 98065,USA
5/8/2014 0:00,424500,3,1.75,1460,7700,1,0,0,1460,1979,no,no,Redmond,WA 98052,USA
5/8/2014 0:00,230000,3,1,1390,16000,1,0,0,1390,1960,no,yes,Algona,WA 98001,USA
5/8/2014 0:00,930000,3,3.25,2640,4080,2,0,0,1840,1912,yes,no,Seattle,WA 98105,USA
5/8/2014 0:00,349000,3,1.75,1590,9620,1,0,0,1590,1988,no,no,Renton,WA 98059,USA
5/8/2014 0:00,835000,4,2,1910,6960,1.5,0,0,1910,1941,no,no,Seattle,WA 98103,USA
5/8/2014 0:00,988500,3,2.75,2015,16807,2,1,4,2015,2007,no,no,Burien,WA 98166,USA
5/8/2014 0:00,500000,3,1.75,1410,1197,3,0,0,1410,2012,no,yes,Seattle,WA 98103,USA
5/8/2014 0:00,499000,2,1.5,1110,957,2,0,0,930,2005,no,yes,Seattle,WA 98119,USA
5/8/2014 0:00,321950,2,1.25,860,1277,2,0,0,860,2007,no,no,Seattle,WA 98144,USA
5/8/2014 0:00,494000,3,2.5,2310,4729,2,0,0,2310,2011,no,no,Kenmore,WA 98028,USA
5/8/2014 0:00,441750,2,1.5,1020,1060,3,0,0,1020,2008,no,no,Seattle,WA 98103,USA
5/8/2014 0:00,438000,2,1,980,1179,2,0,0,980,2010,yes,no,Seattle,WA 98119,USA
5/9/2014 0:00,985000,4,2.25,4230,37769,2,0,0,4230,1989,no,no,Woodinville,WA 98077,USA
5/9/2014 0:00,352000,3,2.25,1640,11050,1,0,0,1640,1972,no,no,Renton,WA 98059,USA
5/9/2014 0:00,839900,4,3.5,3810,13592,1,0,1,2560,2013,no,no,Renton,WA 98056,USA
5/9/2014 0:00,765000,4,2.75,2790,10819,2,0,0,2790,1996,no,yes,Issaquah,WA 98027,USA
5/9/2014 0:00,460000,4,1.75,1750,5500,1.5,0,0,1050,1926,no,no,Seattle,WA 98117,USA
5/9/2014 0:00,224500,4,1,1430,8355,1.5,0,0,1430,1983,no,no,Auburn,WA 98092,USA
5/9/2014 0:00,254000,3,2.5,1850,4597,2,0,0,1850,2003,yes,no,Covington,WA 98042,USA
5/9/2014 0:00,255000,2,1,960,28717,1,0,0,960,1984,no,no,Vashon,WA 98070,USA
5/9/2014 0:00,610000,3,3,2480,45302,1,0,0,1620,1976,no,no,Woodinville,WA 98077,USA
5/9/2014 0:00,920000,4,3,3750,11025,2,0,0,3750,1976,no,no,Sammamish,WA 98074,USA
5/9/2014 0:00,402500,4,2.5,2600,11951,2,0,0,2600,1988,no,no,Federal Way,WA 98023,USA
5/9/2014 0:00,280950,3,1.75,1390,8700,1,0,3,840,1912,no,no,Renton,WA 98057,USA
5/9/2014 0:00,604000,4,2.5,2260,7753,2,0,0,2260,1989,no,no,Issaquah,WA 98029,USA
5/9/2014 0:00,565000,4,2.25,2470,7447,2,0,0,2470,1984,no,no,Lake Forest Park,WA 98155,USA
5/9/2014 0:00,255000,2,1,810,7980,1,0,0,810,1928,no,no,Seattle,WA 98146,USA
5/9/2014 0:00,445000,4,2,1650,6000,1,0,0,1000,1959,no,no,Seattle,WA 98144,USA
5/9/2014 0:00,2400000,3,2.25,3000,11665,1.5,1,4,3000,2001,no,no,Sammamish,WA 98075,USA
5/9/2014 0:00,195000,2,1,720,18000,1,0,0,720,1950,no,no,Seattle,WA 98178,USA
5/9/2014 0:00,275000,3,1.5,1390,48257,1,0,0,1390,1922,no,no,Fall City,WA 98024,USA
5/9/2014 0:00,387000,3,2.25,1445,1606,2,0,0,1300,2003,no,no,Issaquah,WA 98027,USA
5/9/2014 0:00,490000,2,1,1840,3300,1.5,0,0,1130,1910,no,no,Seattle,WA 98107,USA
5/9/2014 0:00,505000,3,2.5,2100,5824,2,0,2,2100,1999,no,no,Snoqualmie,WA 98065,USA
5/9/2014 0:00,303500,3,1.5,1060,10464,1,0,0,1060,1973,no,no,Kirkland,WA 98034,USA
5/9/2014 0:00,270000,3,1.5,1500,6337,1,0,0,1500,1953,no,no,Seattle,WA 98125,USA
5/9/2014 0:00,323000,4,2.75,1970,7213,1,0,0,1170,1977,no,yes,Renton,WA 98058,USA
5/9/2014 0:00,382000,3,3.25,1410,1253,3,0,0,1410,2005,no,yes,Seattle,WA 98103,USA
5/9/2014 0:00,1370000,4,2.75,3720,9450,1,0,4,1960,1962,no,no,Bellevue,WA 98006,USA
5/9/2014 0:00,280000,4,2,2190,14439,1,0,0,1180,1977,yes,yes,Auburn,WA 98001,USA
5/9/2014 0:00,260000,3,2,1920,8075,1,0,0,1510,1969,no,yes,Federal Way,WA 98023,USA
5/9/2014 0:00,201500,3,1,1160,8320,1,0,0,1160,1959,no,no,Kent,WA 98032,USA
5/9/2014 0:00,1157200,4,4.25,5860,52889,2,0,0,4910,1996,yes,no,Woodinville,WA 98072,USA
5/9/2014 0:00,536500,4,1.75,2000,4000,1.5,0,0,1450,1926,no,no,Seattle,WA 98126,USA
5/9/2014 0:00,248000,4,3,2163,5883,2,0,0,2163,2006,no,no,Algona,WA 98001,USA
5/9/2014 0:00,532000,5,3,3480,57499,1,0,0,2340,1976,no,no,Issaquah,WA 98027,USA
5/9/2014 0:00,580000,4,2.5,2840,6268,2,0,0,2840,1998,yes,no,Kenmore,WA 98028,USA
5/9/2014 0:00,463000,2,1,1150,4400,1,0,0,1150,1905,no,no,Seattle,WA 98112,USA
5/9/2014 0:00,742500,4,2.75,3100,3773,2,0,0,2000,1919,no,yes,Seattle,WA 98122,USA
5/9/2014 0:00,260000,3,2.5,1420,14850,1,0,0,1020,1963,no,yes,Kent,WA 98032,USA
5/9/2014 0:00,590000,4,2.25,2430,32496,1,0,0,2430,1993,no,no,Woodinville,WA 98077,USA
5/9/2014 0:00,312000,4,2.25,1930,7452,1,0,0,1430,1984,no,yes,Kent,WA 98031,USA
5/9/2014 0:00,566000,3,2.25,1660,10140,1,0,0,1370,1980,no,no,Redmond,WA 98052,USA
5/9/2014 0:00,511555,3,2,1400,7293,1,0,0,1400,1963,no,no,Bellevue,WA 98008,USA
5/9/2014 0:00,583000,4,2.5,2660,4000,2,0,0,2660,2001,yes,no,Redmond,WA 98053,USA
5/9/2014 0:00,290000,4,2.5,2000,13300,1,0,0,1200,1968,yes,yes,Auburn,WA 98001,USA
5/9/2014 0:00,311100,4,2.25,2130,8078,1,0,0,1380,1977,no,yes,Renton,WA 98055,USA
5/9/2014 0:00,325000,3,2.25,1352,1694,3,0,0,1352,2007,no,no,Seattle,WA 98125,USA
5/9/2014 0:00,491300,3,1.75,1750,11340,1,0,1,1300,1987,no,no,Sammamish,WA 98074,USA
5/9/2014 0:00,315000,5,1.75,2320,8100,1,0,0,1160,1956,no,no,Burien,WA 98166,USA
5/9/2014 0:00,360000,2,1,1420,81892,1,0,0,1180,1956,no,yes,Renton,WA 98055,USA
5/9/2014 0:00,330000,4,2.5,1940,3784,2,0,0,1940,2003,no,no,Renton,WA 98058,USA
5/9/2014 0:00,481450,3,2,1410,4800,1,0,0,1410,1940,no,no,Seattle,WA 98117,USA
5/9/2014 0:00,234950,3,1,1360,9948,1,0,0,1360,1977,no,no,Black Diamond,WA 98010,USA
5/9/2014 0:00,251000,3,1.75,1220,7250,1,0,0,1220,1962,no,yes,North Bend,WA 98045,USA
5/9/2014 0:00,782000,4,2.5,2830,20345,2,0,0,1980,1979,no,no,Bellevue,WA 98004,USA
5/9/2014 0:00,833000,4,2.75,3780,10308,2,0,0,3780,1999,yes,no,Sammamish,WA 98075,USA
5/9/2014 0:00,542500,4,2.5,2330,14289,2,0,0,2330,1978,no,no,Bellevue,WA 98007,USA
5/9/2014 0:00,851000,3,2.5,3560,107290,2,0,0,3560,1987,no,no,Redmond,WA 98053,USA
5/9/2014 0:00,325000,4,1.5,1470,70800,1,0,0,1470,1976,no,no,Ravensdale,WA 98051,USA
5/9/2014 0:00,415000,4,2.25,3060,48787,2,0,0,3060,1992,no,yes,Ravensdale,WA 98051,USA
5/9/2014 0:00,252500,3,1,1030,6127,1,0,0,880,1947,no,yes,Seattle,WA 98125,USA
5/9/2014 0:00,465000,4,2.5,1930,9653,1,0,0,1930,1968,no,no,Federal Way,WA 98023,USA
5/9/2014 0:00,336900,3,1.75,1780,120661,1,0,0,1780,1979,no,yes,Duvall,WA 98019,USA
5/9/2014 0:00,225000,3,2.5,2000,9202,2,0,0,2000,1992,no,yes,Maple Valley,WA 98038,USA
5/9/2014 0:00,270000,3,2,1690,9583,1,0,0,1690,1969,no,no,Renton,WA 98059,USA
5/9/2014 0:00,1702500,5,4.5,5190,23716,2,0,2,3390,1987,no,no,Mercer Island,WA 98040,USA
5/9/2014 0:00,536000,3,1.75,1300,5413,1.5,0,0,1300,1925,no,no,Seattle,WA 98115,USA
5/9/2014 0:00,585000,4,3.25,2400,29252,2,0,0,2400,1982,yes,no,Woodinville,WA 98072,USA
5/9/2014 0:00,445000,2,2,1150,6634,1,0,0,860,1940,no,yes,Seattle,WA 98115,USA
5/9/2014 0:00,320000,4,2.25,2310,7490,2,0,0,2310,1980,no,no,Renton,WA 98055,USA
5/9/2014 0:00,769900,4,3.5,2730,3047,2,0,0,2400,2006,yes,no,Seattle,WA 98116,USA
5/9/2014 0:00,557000,4,2.5,2840,4500,2,0,0,2840,2012,no,no,Kenmore,WA 98028,USA
5/9/2014 0:00,212000,2,1.5,1020,1525,2,0,0,1020,2004,no,no,Seattle,WA 98133,USA
5/9/2014 0:00,376000,3,2,1340,1384,3,0,0,1340,2008,no,no,Seattle,WA 98103,USA
5/9/2014 0:00,800000,4,3.25,3540,159430,2,0,0,3540,2007,yes,yes,Carnation,WA 98014,USA
5/9/2014 0:00,2238888,5,6.5,7270,130017,2,0,0,6420,2010,no,yes,Issaquah,WA 98029,USA
5/9/2014 0:00,324000,3,2.25,998,904,2,0,0,798,2007,no,yes,Seattle,WA 98117,USA
5/10/2014 0:00,549900,5,2.75,3060,7015,1,0,0,1600,1979,no,no,Seattle,WA 98146,USA
5/10/2014 0:00,320000,3,2.5,2130,6969,2,0,0,2130,2003,no,no,Maple Valley,WA 98038,USA
5/10/2014 0:00,875000,4,2,2520,6000,1,0,0,1400,1921,no,no,Seattle,WA 98103,USA
5/10/2014 0:00,265000,4,1,1940,9533,1,0,0,1080,1962,no,no,Kent,WA 98031,USA
5/10/2014 0:00,394950,3,2.5,1350,1250,3,0,0,1270,2006,no,no,Seattle,WA 98136,USA
5/11/2014 0:00,842500,4,2.5,2160,5298,2.5,0,0,2160,1902,no,no,Seattle,WA 98122,USA
5/11/2014 0:00,368000,3,2.5,1370,1350,2,0,0,1010,2007,no,no,Seattle,WA 98136,USA
5/12/2014 0:00,1225000,4,4.5,5420,101930,1,0,0,3890,2001,no,no,Redmond,WA 98053,USA
5/12/2014 0:00,885000,4,2.5,2830,5000,2,0,0,2830,1995,no,no,Seattle,WA 98105,USA
5/12/2014 0:00,453246,3,2.5,2010,2287,2,0,0,1390,2014,no,no,Issaquah,WA 98029,USA
5/12/2014 0:00,927000,4,2.75,3300,12090,2,0,0,3300,1953,no,no,Clyde Hill,WA 98004,USA
5/12/2014 0:00,490000,2,2.5,1230,1391,2,0,0,870,2004,no,no,Seattle,WA 98112,USA
5/12/2014 0:00,341000,3,1.5,1720,7119,1.5,0,0,1720,1952,no,yes,Shoreline,WA 98155,USA
5/12/2014 0:00,235000,1,1,810,2451,1,0,0,810,1941,no,no,Seattle,WA 98126,USA
5/12/2014 0:00,1200000,3,1.75,1560,8078,1.5,1,4,1560,1928,no,no,Mercer Island,WA 98040,USA
5/12/2014 0:00,560000,3,2,2560,216777,1,0,0,2560,1986,no,no,Auburn,WA 98092,USA
5/12/2014 0:00,900000,4,3.25,4700,38412,2,0,0,3420,1978,no,no,Bellevue,WA 98005,USA
5/12/2014 0:00,255000,2,1,1220,2500,1,0,0,770,1910,no,no,Seattle,WA 98126,USA
5/12/2014 0:00,1575000,5,2.75,3650,20150,1,0,0,2360,1975,no,no,Bellevue,WA 98004,USA
5/12/2014 0:00,876650,3,3.25,2170,12508,1.5,0,0,1650,1928,no,no,Mercer Island,WA 98040,USA
5/12/2014 0:00,540000,4,2.25,2540,228254,1,0,0,1450,1990,no,no,Duvall,WA 98019,USA
5/12/2014 0:00,350000,2,1,910,4500,1.5,0,0,910,1906,no,no,Seattle,WA 98118,USA
5/12/2014 0:00,750000,4,2.5,2980,4930,2,0,0,2890,2000,no,no,Bellevue,WA 98006,USA
5/12/2014 0:00,582000,4,1.75,2120,4650,1,0,1,1190,1951,no,no,Seattle,WA 98117,USA
5/12/2014 0:00,1315000,4,3.5,3460,3997,2,0,0,2560,2004,no,no,Seattle,WA 98103,USA
5/12/2014 0:00,372500,5,3,2480,10090,1,0,0,1300,2004,no,no,Seattle,WA 98178,USA
5/12/2014 0:00,410000,3,2.25,2200,16921,2,0,0,2200,1987,no,no,Maple Valley,WA 98038,USA
5/12/2014 0:00,360000,4,2,1730,5500,1,0,0,1010,1943,no,no,Seattle,WA 98106,USA
5/12/2014 0:00,1015000,3,2.5,2920,34527,1,0,4,1800,1954,no,yes,Seattle,WA 98116,USA
5/12/2014 0:00,225000,3,1,990,8012,1,0,0,990,1966,no,no,Renton,WA 98058,USA
5/12/2014 0:00,647000,4,2.5,3040,6887,2,0,0,3040,1999,no,no,Sammamish,WA 98074,USA
5/12/2014 0:00,950000,5,3,4530,258746,1.5,0,0,3200,2003,no,no,Woodinville,WA 98077,USA
5/12/2014 0:00,185000,3,1.5,1370,8470,1,0,0,1370,1961,no,no,Auburn,WA 98092,USA
5/12/2014 0:00,335000,3,2.5,1940,4927,2,0,0,1940,2004,no,no,Renton,WA 98058,USA
5/12/2014 0:00,210000,3,2.5,1040,2643,2,0,0,720,2004,no,no,Seattle,WA 98118,USA
5/12/2014 0:00,522000,4,2.25,1800,8623,1,0,0,1360,1980,no,no,Kirkland,WA 98033,USA
5/12/2014 0:00,770000,3,1.75,1720,5000,1,0,0,1720,1954,no,no,Seattle,WA 98122,USA
5/12/2014 0:00,499950,3,1,980,6380,1,0,0,760,1941,no,no,Seattle,WA 98115,USA
5/12/2014 0:00,751000,4,2.5,3110,6142,2,0,0,3110,2004,no,no,Redmond,WA 98052,USA
5/12/2014 0:00,330000,5,3,2100,7715,1,0,0,1250,2013,no,no,Burien,WA 98168,USA
5/12/2014 0:00,465000,3,1.5,2020,11358,1,0,0,1190,1956,yes,no,Kirkland,WA 98033,USA
5/12/2014 0:00,850000,4,1.75,2350,11914,1,0,0,2350,1961,yes,no,Mercer Island,WA 98040,USA
5/12/2014 0:00,947500,4,2.25,3290,12329,1.5,0,0,3290,1968,no,no,Mercer Island,WA 98040,USA
5/12/2014 0:00,302000,5,2.25,2180,7813,2,0,0,2180,1986,no,no,Maple Valley,WA 98038,USA
5/12/2014 0:00,500000,2,2.25,1290,1334,3,0,0,1290,2007,no,no,Seattle,WA 98107,USA
5/12/2014 0:00,201000,3,1,1460,9750,1,0,0,1460,1969,no,yes,Kent,WA 98042,USA
5/12/2014 0:00,265000,2,1,1290,2828,2,0,0,1290,2008,no,no,Redmond,WA 98053,USA
5/12/2014 0:00,870300,4,2.5,2350,3150,1.5,0,0,1690,1910,no,no,Seattle,WA 98103,USA
5/12/2014 0:00,339000,3,1,1080,8100,1,0,0,1080,1955,no,no,Shoreline,WA 98155,USA
5/12/2014 0:00,690000,4,2.5,2670,13463,2,0,0,2670,1989,no,no,Issaquah,WA 98029,USA
5/12/2014 0:00,788000,4,3.25,3680,5759,2,0,0,2840,2003,no,no,Issaquah,WA 98027,USA
5/12/2014 0:00,315275,3,1.75,1440,8040,1,0,0,960,1951,no,yes,Seattle,WA 98125,USA
5/12/2014 0:00,505000,4,1.75,1940,4800,1,0,0,1030,1922,no,no,Seattle,WA 98122,USA
5/12/2014 0:00,368000,3,1,1280,9898,1,0,0,1280,1968,no,no,Woodinville,WA 98072,USA
5/12/2014 0:00,947500,3,2.75,2980,27144,1.5,1,2,2180,1917,no,no,Burien,WA 98166,USA
5/12/2014 0:00,156000,3,1,970,8580,1,0,0,970,1959,no,no,Federal Way,WA 98003,USA
5/12/2014 0:00,610000,4,3,2110,5000,1.5,0,2,1640,1930,no,no,Seattle,WA 98136,USA
5/12/2014 0:00,420000,2,2.5,1480,1369,3,0,0,1480,2009,no,no,Redmond,WA 98052,USA
5/12/2014 0:00,192000,2,1,700,10540,1,0,0,700,1953,no,no,Normandy Park,WA 98166,USA
5/12/2014 0:00,910000,3,2,2700,6120,1,0,0,1350,1962,no,no,Seattle,WA 98115,USA
5/12/2014 0:00,1300000,4,3.25,2330,9687,2,0,3,2330,1918,no,no,Seattle,WA 98112,USA
5/12/2014 0:00,1346400,5,1.75,3380,20021,1,0,0,1690,1963,no,no,Clyde Hill,WA 98004,USA
5/12/2014 0:00,840000,4,2.75,2600,2750,1.5,0,0,1620,1936,no,no,Seattle,WA 98109,USA
5/12/2014 0:00,300000,2,1.75,1360,8100,1,0,0,860,1975,no,yes,Seattle,WA 98177,USA
5/12/2014 0:00,505000,4,2.5,2780,6369,1,0,0,1590,1978,no,no,Kirkland,WA 98034,USA
5/12/2014 0:00,110000,3,1,1250,53143,1,0,0,1250,1945,no,yes,Maple Valley,WA 98038,USA
5/12/2014 0:00,746000,3,2.5,2620,8950,2,0,0,2620,1992,no,no,Bellevue,WA 98006,USA
5/12/2014 0:00,211000,3,1.5,1350,7620,1,0,0,1350,1941,yes,no,Burien,WA 98166,USA
5/12/2014 0:00,675000,4,3,2400,3340,1,0,0,1200,1964,no,no,Seattle,WA 98107,USA
5/12/2014 0:00,734200,4,2.5,2760,5000,1.5,0,0,1680,1928,no,no,Seattle,WA 98107,USA
5/12/2014 0:00,1225000,4,2.25,3070,16028,1,0,3,1870,1976,no,no,Mercer Island,WA 98040,USA
5/12/2014 0:00,615000,2,1.75,2040,28593,1.5,1,3,2040,1919,no,no,Vashon,WA 98070,USA
5/12/2014 0:00,630000,4,2,1770,6000,2,0,0,1770,1911,no,no,Seattle,WA 98199,USA
5/12/2014 0:00,1264000,4,3.75,3490,9170,2,0,0,3490,2012,no,no,Bellevue,WA 98004,USA
5/12/2014 0:00,301500,2,1.5,830,1333,2,0,0,830,2005,no,no,Seattle,WA 98136,USA
5/12/2014 0:00,369000,2,2.5,980,895,2,0,0,670,2009,no,no,Seattle,WA 98116,USA
5/12/2014 0:00,635000,3,2.5,1570,1433,3,0,0,1570,2010,no,yes,Seattle,WA 98103,USA
5/12/2014 0:00,1033888,4,3.25,3270,5187,2,0,0,3110,2014,no,no,Redmond,WA 98052,USA
5/12/2014 0:00,383000,4,2.5,2160,6223,2,0,0,2160,2010,no,no,Maple Valley,WA 98038,USA
5/12/2014 0:00,1050000,4,3.75,3280,11000,2,0,0,2320,2008,no,no,Kirkland,WA 98033,USA
5/13/2014 0:00,455000,4,2.5,3360,7685,2,0,0,3360,2001,no,no,Renton,WA 98058,USA
